Yer;Citations;Title;Vehicle;URL
1985;29;CNMGRAF-graphic presentation services for network management;Symposium on Data communications;http://dl.acm.org/citation.cfm?id=319056&picked=prox
1989;1;A graphical representation for network management;LCN;http://ieeexplore.ieee.org/xpl/mostRecentIssue.jsp?punumber=256
1988;32;Heuristic layout algorithms for network management presentation services;MNET;http://ieeexplore.ieee.org/xpl/RecentIssue.jsp?punumber=65
1990;13;Dynamic graphics for network visualization;VISUAL;http://ieeexplore.ieee.org/xpl/mostRecentIssue.jsp?punumber=311
1992;1;Concurrent Use of Parallel Communication to Enable Remote Visualization;ICCI;http://ieeexplore.ieee.org/xpl/mostRecentIssue.jsp?punumber=410
1993;2;A Virtual World for Network Management;VRAIS;http://ieeexplore.ieee.org/xpl/mostRecentIssue.jsp?punumber=3045
1993;7;Using Hy+ for network management and distributed debugging;CASCON;http://dl.acm.org/citation.cfm?id=962367
1993;11;Graphical methods to analyze network data;ICC;http://ieeexplore.ieee.org/xpl/mostRecentIssue.jsp?punumber=3171
1993;12;Management of broadband networks using 3D virtual world;HPDC;http://ieeexplore.ieee.org/xpl/mostRecentIssue.jsp?punumber=465
1993;32;Supporting Network Management through Declaratively Specified Data Visualizations;IM*;http://citeseerx.ist.psu.edu/viewdoc/download?doi=10.1.1.55.4575&rep=rep1&type=pdf
1995;30;Case study: 3D displays of Internet traffic;INFVIS;http://ieeexplore.ieee.org/xpl/mostRecentIssue.jsp?punumber=4050
1995;384;Visualizing Network Data;TVCG;http://ieeexplore.ieee.org/xpl/RecentIssue.jsp?punumber=2945
1996;8;Visualizing the World Wide Web;AVI;http://www.interaction-design.org/references/conferences/avi_1996_-_proceedings_of_the_workshop_on_advanced_visual_interfaces.html
1996;9;Using Visualization in System and Network Administration ;LISA;https://www.usenix.org/legacy/publications/library/proceedings/lisa96/
1996;32;Techniques for Automated Network Map Generation Using SNMP;INFOCOM;http://ieeexplore.ieee.org/xpl/mostRecentIssue.jsp?punumber=3539
1996;68;Real-time geographic visualization of World Wide Web traffic;Computer Networks and ISDN Systems;http://www.sciencedirect.com/science/journal/01697552
1996;73;Aspects of Network Visualization;CGA;http://ieeexplore.ieee.org/xpl/RecentIssue.jsp?punumber=38
1996;73;Visualizing the Global Topology of the Mbone;INFVIS;http://ieeexplore.ieee.org/xpl/mostRecentIssue.jsp?punumber=4136
1997;49;An architecture for monitoring, visualization, and control of gigabit networks;MNET;http://ieeexplore.ieee.org/xpl/RecentIssue.jsp?punumber=65
1997;81;Web-based information visualization;CGA;http://ieeexplore.ieee.org/xpl/RecentIssue.jsp?punumber=38
1998;12;Floodar Flow Visualization of Network Traffic;CGA;http://ieeexplore.ieee.org/xpl/RecentIssue.jsp?punumber=38
1998;87;A visual approach for monitoring logs ;LISA;https://www.usenix.org/legacy/events/lisa98/
1998;169;MRTG-The Multi Router Traffic Grapher;LISA;https://www.usenix.org/legacy/events/lisa98/
1999;1;Conceptualizing bandwidth allocation in network management;CIKM;http://www.cikmconference.org/1999/
1999;4;XML and Information Visualization Application to Network Management;MC;http://www.balisage.net/
1999;6;Navigation in huge information hierarchies application to network management;CIKM;http://www.cikmconference.org/1999/
1999;6;Large scale network visualization;SIGGRAPH;http://www.siggraph.org/publications/newsletter/v33n3/
1999;24;Visualizing large telecommunication data sets;CGA;http://ieeexplore.ieee.org/xpl/RecentIssue.jsp?punumber=38
1999;50;Visualizing large-scale telecommunication networks and services;VISUAL;http://ieeexplore.ieee.org/xpl/mostRecentIssue.jsp?punumber=6578
1999;59;An eye on network intruder-administrator shootouts;WIDNM;https://www.usenix.org/legacy/publications/library/proceedings/detection99/
1999;69;Network visualization with the VINT network animator nam;USC Technical Report;http://www.cs.usc.edu/assets/003/83132.pdf
2000;187;Mapping and visualizing the internet ;USENIX;http://www.informatik.uni-trier.de/~ley/db/conf/usenix/usenix2000g.html
2000;171;FlowScan: A Network Traffic Flow Reporting and Visualization Tool ;LISA;https://www.usenix.org/legacy/events/lisa00/
2004;157;NVisionIP NetFlow Visualizations of System State for Security Situational Awareness;VizSec;http://cs.fit.edu/~pkc/vizdmsec04/
2004;136;Managing Attack Graph Complexity Through Visual Hierarchical Aggregation;VizSec;http://cs.fit.edu/~pkc/vizdmsec04/
2004;136;The Spinning Cube of Potential Doom ;CACM;http://cacm.acm.org/
2004;135;VisFlowConnect NetFlow Visualizations of Link Relationships for Security Situational Awareness;VizSec;http://cs.fit.edu/~pkc/vizdmsec04/
2004;123;PortVis: a tool for port-based detection of security events;VizSec;http://cs.fit.edu/~pkc/vizdmsec04/
2004;116;Home-centric visualization of network traffic for security administration;VizSec;http://cs.fit.edu/~pkc/vizdmsec04/
2002;115;Intrusion and Misuse Detection in Large-Scale Systems;CGA;http://ieeexplore.ieee.org/xpl/RecentIssue.jsp?punumber=38
2000;93;Network Visualization with Nam, the VINT Network Animator;COMPUTER;http://ieeexplore.ieee.org/xpl/RecentIssue.jsp?punumber=2
2004;82;SnortView: visualization system of snort logs;VizSec;http://cs.fit.edu/~pkc/vizdmsec04/
2005;77;IDS RainStorm Visualizing IDS Alarms;VizSec;http://www.cs.ucdavis.edu/~ma/VizSEC05/
2004;75;Passive visual fingerprinting of network attack tools;VizSec;http://cs.fit.edu/~pkc/vizdmsec04/
2002;56;Case Study - Interactive Visualization for Internet Security;VISUAL;http://ieeexplore.ieee.org/xpl/mostRecentIssue.jsp?punumber=8436
2002;56;Network intrusion visualization with NIVA, an intrusion detection visual analyzer with haptic integration;HAPTICS;http://ieeexplore.ieee.org/xpl/mostRecentIssue.jsp?punumber=7836
2005;56;Preserving the Big Picture: Visual Network Traffic Analysis with TNV ;VizSec;http://www.cs.ucdavis.edu/~ma/VizSEC05/
2006;54;Hierarchical visualization of network intrusion detection data;CGA;http://ieeexplore.ieee.org/xpl/RecentIssue.jsp?punumber=38
2005;52;Multiple Coordinated Views for Network Attack Graphs;VizSec;http://www.cs.ucdavis.edu/~ma/VizSEC05/
2005;51;A Visualization Paradigm for Network Intrusion Detection;IAW;http://ieeexplore.ieee.org/xpl/mostRecentIssue.jsp?punumber=10007
2005;51;Real-time and forensic network data analysis using animated and coordinated visualization;IAW;http://ieeexplore.ieee.org/xpl/mostRecentIssue.jsp?punumber=10007
2005;49;Visualizing Network Data for Intrusion Detection;IAW;http://ieeexplore.ieee.org/xpl/mostRecentIssue.jsp?punumber=10007
2002;46;Mielog: A Highly Interactive Visual Log Browser Using Information Visualization and Statistical Analysis ;LISA;https://www.usenix.org/legacy/publications/library/proceedings/lisa02/
2002;46;Tudumi: information visualization system for monitoring and auditing computer logs;IV;http://ieeexplore.ieee.org/xpl/mostRecentIssue.jsp?punumber=7989
2006;46;Visual Correlation of Network Alerts;CGA;http://ieeexplore.ieee.org/xpl/RecentIssue.jsp?punumber=38
2004;44;Detecting flaws and intruders with visual data analysis;CGA;http://ieeexplore.ieee.org/xpl/RecentIssue.jsp?punumber=38
2005;42;In the eye of the beholder: A visualization-based approach to information system security;IJHCS;http://www.sciencedirect.com/science/journal/10715819
2000;41;Network Performance Visualization: Insight through animation ;PAM;http://www.ripe.net/ripe/mail/archives/tt-host/1999-August/000175.html
2004;40;An Information Visualization Framework for Intrusion Detection;CHI;http://www.sigchi.org/chi2004/
2005;39;A Visualization Methodology for Characterization of Network Scans;VizSec;http://www.cs.ucdavis.edu/~ma/VizSEC05/
2003;38;A Visual Exploration Process for the Analysis of Internet Routing Data;VIS;http://vis.computer.org/vis2003/
2005;36;A user-centered look at glyph-based security visualization;VizSec;http://www.cs.ucdavis.edu/~ma/VizSEC05/
2006;36;Interactive Visualization for Network and Port Scan Detection;RAID;http://www.raid-symposium.org/raid2006/
2004;35;Real-time visualization of network attacks on high-speed links ;MNET;http://ieeexplore.ieee.org/xpl/RecentIssue.jsp?punumber=65
2003;34;Two Visual Computer Network Security Monitoring Tools Incorporating Operator Interface Requirements  ;WHCISEC;http://www.andrewpatrick.ca/CHI2003/HCISEC/HCISEC-cfp.html
2004;34;Combining a bayesian classifier with visualisation: understanding the IDS;VizSec;http://cs.fit.edu/~pkc/vizdmsec04/
2004;34;Combining Visual and Automated Data Mining for Near-Real- Time Anomaly Detection and Analysis in bgp ;VizSec;http://cs.fit.edu/~pkc/vizdmsec04/
2001;33;Visual Traffic Monitoring and Evaluation;SPIE 4523;http://proceedings.spiedigitallibrary.org/proceeding.aspx?articleid=896054
2005;33;Visual firewall: real-time network security monitor;VizSec;http://www.cs.ucdavis.edu/~ma/VizSEC05/
2006;32;Focusing on Context in Network Traffic Analysis;CGA;http://ieeexplore.ieee.org/xpl/RecentIssue.jsp?punumber=38
2005;31;IDGraphs Intrusion Detection and Analysis Using Histographs;VizSec;http://www.cs.ucdavis.edu/~ma/VizSEC05/
2006;31;Accelerating Network Traffic Analytics Using Query-Driven Visualization;VAST;http://ieeexplore.ieee.org/xpl/mostRecentIssue.jsp?punumber=4035729
2006;31;Enhancing Visual Analysis of Network Traffic Using a Knowledge Representation ;VAST;http://ieeexplore.ieee.org/xpl/mostRecentIssue.jsp?punumber=4035729
2006;31;Monitoring Network Traffic with Radial Traffic Analyzer;VAST;http://ieeexplore.ieee.org/xpl/mostRecentIssue.jsp?punumber=4035729
2007;31;SNMP Traffic Analysis Approaches, Tools, and First Results;IM;http://ieeexplore.ieee.org/xpl/mostRecentIssue.jsp?punumber=4258513
2005;30;Visualizing Interdomain Routing with BGPlay ;JGAA;http://www.cs.ucdavis.edu/~ma/VizSEC05/
2005;30;Attacking information visualization system usability overloading and deceiving the human;SOUPS;http://cups.cs.cmu.edu/soups/2005/
2005;30;Manifold Learning Visualization of Network Traffic Data;MineNet;http://conferences.sigcomm.org/sigcomm/2005/
2005;30;Visualizing cyber attacks using IP matrix;VizSec;http://www.cs.ucdavis.edu/~ma/VizSEC05/
2009;30;MOVIH-IDS: A mobile-visualization hybrid intrusion detection system;NEUROCOMPUTING;http://www.sciencedirect.com/science/journal/09252312
2000;29;Visualization in detection of intrusions and misuse in large scale networks;IV;http://ieeexplore.ieee.org/xpl/mostRecentIssue.jsp?punumber=6925
2007;29;Visual Analysis of Network Traffic for Resource Planning, Interactive Monitoring, and Interpretation of Security Threats;TVCG;http://ieeexplore.ieee.org/xpl/RecentIssue.jsp?punumber=2945
2008;29;Large-Scale Network Monitoring for Visual Analysis of Attacks;VizSec;http://www.vizsec.org/vizsec2008/
2005;28;Visual correlation of host processes and network traffic ;VizSec;http://www.cs.ucdavis.edu/~ma/VizSEC05/
2008;28;Improving Attack Graph Visualization through Data Reduction and Attack Grouping;VizSec;http://www.vizsec.org/vizsec2008/
2005;27;A study of analyzing network traffic as images in real-time;INFOCOM;http://ieeexplore.ieee.org/xpl/mostRecentIssue.jsp?punumber=9990
2003;26;Visualization for Intrusion Detection: Hooking the Worm ;ESORICS;http://link.springer.com/book/10.1007/b13237/page/1
2005;25;A User-Centered Approach to Visualizing Network Traffic for Intrusion Detection;CHI;http://www.chi2005.org/
2005;25;Exploring Three-dimensional Visualization for Intrusion Detection;VizSec;http://www.cs.ucdavis.edu/~ma/VizSEC05/
2006;25;Countering Security Information Overload through Alert and Packet Visualization;CGA;http://ieeexplore.ieee.org/xpl/RecentIssue.jsp?punumber=38
2005;24;Visual exploration of malicious network objects using semantic zoom, interactive encoding and dynamic queries;VizSec;http://www.cs.ucdavis.edu/~ma/VizSEC05/
2005;24;Information Assurance Visualizations for Specific Stages of Situational Awareness and Intended Uses: Lessons Learned;VizSec;http://www.cs.ucdavis.edu/~ma/VizSEC05/
2004;23;Scatter (and other) plots for visualizing user profiling data and network traffic;VizSec;http://cs.fit.edu/~pkc/vizdmsec04/
2007;22;Visual Analysis of Network Flow Data with Timelines and Event Plots;VizSec;http://www.vizsec.org/vizsec2007/
2007;22;Visual analysis of network flow data with timelines and event plots ;VizSec;http://www.vizsec.org/vizsec2007/
2003;21;Ecological interface design: a new approach for visualizing network management;ComNet;http://www.sciencedirect.com/science/journal/13891286
2003;21;Intrusion behavior detection through visualization ;ICSMC;http://ieeexplore.ieee.org/xpl/mostRecentIssue.jsp?punumber=8811
2005;21;Closing-the-Loop in NVisionIP Integrating Discovery and Search in Security Visualizations;VizSec;http://www.cs.ucdavis.edu/~ma/VizSEC05/
2009;21;Visualizing Compiled Executables for Malware Analysis;VizSec;http://vizsec.org/vizsec2009/
2006;20;Detecting Distributed Scans Using High-Performance Query-Driven Visualization;SC;http://ieeexplore.ieee.org/xpl/mostRecentIssue.jsp?punumber=4090162
2007;20;An Interactive Attack Graph Cascade and Reachability Display;VizSec;http://www.vizsec.org/vizsec2007/
2003;19;A Prototype Tool for Visual Data Mining of Network Traffic for Intrusion Detection;DMSEC;http://cs.fit.edu/~pkc/dmsec03/
2004;19;A novel visualization technique for network anomaly detection;PST;http://www.informatik.uni-trier.de/~ley/db/conf/pst/pst2004.html
2006;19;An intelligent, interactive tool for exploration and visualization of time-oriented security data;VizSec;http://www.sigsac.org/ccs/CCS2006/
2006;19;Visualizing Internet Routing Changes ;TVCG;http://ieeexplore.ieee.org/xpl/RecentIssue.jsp?punumber=2945
2008;19;GARNET: A Graphical Attack Graph and Reachability Network Evaluation Tool;VizSec;http://www.vizsec.org/vizsec2008/
2008;19;Visual Reverse Engineering of Binary and Data Files;VizSec;http://www.vizsec.org/vizsec2008/
2004;18;Efficient visualization of large routing topologies;IJNM;http://onlinelibrary.wiley.com/journal/10.1002/(ISSN)1099-1190
2006;18;Bgp Eye: A New Visualization Tool for Real-Time Detection and Analysis of bgp Anomalies ;VizSec;http://www.sigsac.org/ccs/CCS2006/
2009;18;FloVis-Flow Visualization System;CATCH;http://ieeexplore.ieee.org/xpl/mostRecentIssue.jsp?punumber=4804413
2009;18;Visual support for analyzing network traffic and intrusion detection events using TreeMap and graph representations;CHiMiT;http://www.chimit09.org/
2003;17;A visualization tool for situational awareness of tactical and strategic security events on large and complex computer networks;MILCOM;http://ieeexplore.ieee.org/xpl/mostRecentIssue.jsp?punumber=9057
2006;17;VISUALISING INTRUSIONS: WATCHING THE WEBSERVER ;AIS;http://link.springer.com/book/10.1007/0-387-27636-X/page/1
2004;16;Cyberseer: 3D audio-visual Immersion for Network Security and Management ;VizSec;http://cs.fit.edu/~pkc/vizdmsec04/
2006;16;Interactive Exploration of Data Traffic with Hierarchical Network Maps;TVCG;http://ieeexplore.ieee.org/xpl/RecentIssue.jsp?punumber=2945
2006;16;Visualizing DNS Traffic;VizSec;http://www.sigsac.org/ccs/CCS2006/
2006;16;Real-time collaborative network monitoring and control using 3D game engines for representation and interaction;VizSec;http://www.sigsac.org/ccs/CCS2006/
2007;16;Interactive wormhole detection and evaluation;Information Visualization;http://ivi.sagepub.com/
2001;15;Visual behavior characterization for intrusion detection in large scale systems;VIIP;https://www.iasted.org/conferences/pastinfo-652.html
2005;15;Root Polar Layout of Internet Address Data for Security Administration ;VizSec;http://www.cs.ucdavis.edu/~ma/VizSEC05/
2006;15;Visualizations to improve reactivity towards security incidents inside corporate networks;VizSec;http://www.sigsac.org/ccs/CCS2006/
2006;15;Using visual motifs to classify encrypted traffic;VizSec;http://www.sigsac.org/ccs/CCS2006/
2007;15;An Interactive Attack Graph Cascade and Reachability Display;VizSec;http://www.vizsec.org/vizsec2007/
2009;15;Fast detection and visualization of network attacks on parallel coordinates ;Computers & Security;http://www.sciencedirect.com/science/journal/01674048
2000;14;A management and visualization framework for reconfigurable WDM optical networks;MNET;http://ieeexplore.ieee.org/xpl/RecentIssue.jsp?punumber=65
2002;14;Glyph-based generic network visualization;SPI 4665;http://proceedings.spiedigitallibrary.org/proceeding.aspx?articleid=876617
2004;14;Scalable visualization of propagating internet phenomena;VizSec;http://cs.fit.edu/~pkc/vizdmsec04/
2006;14;Understanding multistage attacks by attack-track based visualization of heterogeneous event streams ;VizSec;http://www.sigsac.org/ccs/CCS2006/
2007;14;SpiralView: Towards Security Policies Assessment through Visual Correlation of Network Resources with Evolution of Alarms;VAST;http://ieeexplore.ieee.org/xpl/mostRecentIssue.jsp?punumber=4388976
2000;13;Automatic construction of dynamic 3D metaphoric worlds: An application to network management;SPIE 3960;http://proceedings.spiedigitallibrary.org/proceeding.aspx?articleid=920397
2001;13;Methods of Visualizing Temporal Patterns in and Mission Impact of Computer Security Breaches ;DISCEX;http://ieeexplore.ieee.org/xpl/mostRecentIssue.jsp?punumber=7418
2005;13;Internet Routing Anomaly Detection and Visualization ;DSN;http://ieeexplore.ieee.org/xpl/mostRecentIssue.jsp?punumber=9904
2006;13;Flamingo: Visualizing Internet Traffic ;NOMS;http://ieeexplore.ieee.org/xpl/mostRecentIssue.jsp?punumber=11101
2006;13;STARMINE: a visualization system for cyber attacks;APVis;http://www.informatik.uni-trier.de/~ley/db/conf/apvis/apvis2006.html
2006;13;Flowtag: a collaborative attack-analysis, reporting, and sharing tool for security researchers;VizSec;http://www.sigsac.org/ccs/CCS2006/
2008;13;NetFlow Data Visualization Based on Graphs;VizSec;http://www.vizsec.org/vizsec2008/
2008;13;Visualization Based Policy Analysis: Case Study in SELinux;SACMAT;http://www.sacmat.org/2014/index.php
2005;12;Designing Visualization Capabilities for IDS Challenges;VizSec;http://www.cs.ucdavis.edu/~ma/VizSEC05/
2007;12;Visualising Communication Network Security Attacks;IV;http://ieeexplore.ieee.org/xpl/mostRecentIssue.jsp?punumber=4271943
2007;12;Introduction to Visualization for Computer Security;VizSec;http://www.vizsec.org/vizsec2007/
2007;12;The Real Work of Computer Network Defense Analysts: The Analysis Roles and Processes that Transform Network Data into Security Situation Awareness;VizSec;http://www.vizsec.org/vizsec2007/
2007;12;Visualizing Network Security Events Using Compound Glyphs from a Service-Oriented Perspective;VizSec;http://www.vizsec.org/vizsec2007/
2009;12;Visual Analysis of Malware Behavior Using Treemaps and Thread Graphs;VizSec;http://vizsec.org/vizsec2009/
2006;11;Interactively combining 2D and 3D visualization for network traffic monitoring;VizSec;http://www.sigsac.org/ccs/CCS2006/
2007;11;Visualizing Network Security Events Using Compound Glyphs from a Service-Oriented Perspective;VizSec;http://www.vizsec.org/vizsec2007/
2008;11;A Graph-Theoretic Visualization Approach to Network Risk Analysis;VizSec;http://www.vizsec.org/vizsec2008/
2009;11;Visualizing Cyber Security: Usable Workspaces;VizSec;http://vizsec.org/vizsec2009/
2002;10;Intrusion Detection: Visualizing Attacks in IDS Data ;GIAC-GCIA;http://www.giac.org/
2002;10;A visual technique for internet anomaly detection;CGIM ;http://www.iasted.org/conferences/pastinfo-358.html
2005;10;NetViewer A Network Traffic Visualization and Analysis Tool;LISA;https://www.usenix.org/legacy/events/lisa05/index.html
2005;10;User Requirements and Design of a Visualization for Intrusion Detection Analysis ;IAW;http://ieeexplore.ieee.org/xpl/mostRecentIssue.jsp?punumber=10007
2005;10;Visualization of Automated Trust Negotiation;VizSec;http://www.cs.ucdavis.edu/~ma/VizSEC05/
2006;10;Vast: Visualizing Autonomous System Topology ;VizSec;http://www.sigsac.org/ccs/CCS2006/
2001;9;Case study: Visualization and information retrieval techniques for network intrusion detection;TCVG;http://www.springer.com/computer/image+processing/book/978-3-211-83674-3
2006;9;MOVICAB-IDS Visual Analysis of Network Traffic Data Streams for Intrusion Detection;IDEAL;http://www2.ubu.es/ideal2006/
2007;9;Network visualisation: a review;IetCom;http://ieeexplore.ieee.org/xpl/RecentIssue.jsp?punumber=4105970
2009;9;OverFlow-An Overview Visualization for Network Analysis;VizSec;http://vizsec.org/vizsec2009/
2009;9;VIAssist: Visual analytics for cyber defense;VizSec;http://vizsec.org/vizsec2009/
2003;8;QMTool: an XML-based management platform for QoS-aware IP networks;MNET;http://ieeexplore.ieee.org/xpl/RecentIssue.jsp?punumber=65
2004;8;Network Eye: End-to-End Computer Security Visualization ;VizSec;http://cs.fit.edu/~pkc/vizdmsec04/
2006;8;Visual toolkit for network security experiment specification and data analysis;VizSec;http://www.sigsac.org/ccs/CCS2006/
2007;8;High Level Internet Scale Traffic Visualization Using Hilbert Curve Mapping;VizSec;http://www.vizsec.org/vizsec2007/
2007;8;Visualization of Host Behavior for Network Security;VizSec;http://www.vizsec.org/vizsec2007/
2007;8;Visualization of Host Behavior for Network Security;VizSec;http://www.vizsec.org/vizsec2007/
2007;8;NetBytes Viewer: An Entity-Based NetFlow Visualization Utility for Identifying Intrusive Behavior;VizSec;http://www.vizsec.org/vizsec2007/
2008;8;Effective Visualization of File System Access-Control;VizSec;http://www.vizsec.org/vizsec2008/
2009;8;SURFmap - A network monitoring tool based on the Google Maps API;IM;https://www.google.com.br/url?sa=t&rct=j&q=&esrc=s&source=web&cd=1&cad=rja&ved=0CC0QFjAA&url=http%3A%2F%2Fim2009.ieee-im.org%2F&ei=cEVcUpW1LYKUqgHE5YAw&usg=AFQjCNGN155Lbe_Ww00r6ZFU2q62EmrUnQ&sig2=0Y1f7TO4IPetJSj1tl-kgA&bvm=bv.53899372,d.aWM
2005;7;Network visualisation and analysis tool based on logical network abridgment;MILCOM;http://ieeexplore.ieee.org/xpl/mostRecentIssue.jsp?punumber=10687
2006;7;Visualization for privacy compliance;VizSec;http://www.sigsac.org/ccs/CCS2006/
2007;7;Progressive multiples for communication-minded visualization;GI;http://dl.acm.org/citation.cfm?id=1268517&picked=prox
2008;7;A Term Distribution Visualization Approach to Digital Forensic String Search;VizSec;http://www.vizsec.org/vizsec2008/
2009;7;Visualization is Better! A Comparative Evaluation;VizSec;http://vizsec.org/vizsec2009/
2007;6;Integrated visualization system for monitoring security in large-scale local area network;APVis;http://ieeexplore.ieee.org/xpl/mostRecentIssue.jsp?punumber=4126199
2007;6;Putting Security in Context: Visual Correlation of Network Activity with Real-World Information;VizSec;http://www.vizsec.org/vizsec2007/
2007;6;Using InetVis to Evaluate Snort and Bro Scan Detection on a Network Telescope;VizSec;http://www.vizsec.org/vizsec2007/
2008;6;Using visualization to support network and application management in a data center;INETMW;http://ieeexplore.ieee.org/xpl/mostRecentIssue.jsp?punumber=4656372
2008;6;Mesh Topology Viewer (MTV) - an SVG-Based Interactive Mesh Network Topology Visualization Tool;ISCC;http://ieeexplore.ieee.org/xpl/mostRecentIssue.jsp?punumber=4607772
2008;6;Existence Plots: A Low-Resolution Time Series for Port Behavior Analysis;VizSec;http://www.vizsec.org/vizsec2008/
2000;5;CyberNet: A framework for managing networks using 3D metaphoric worlds;Annals of Telecommunications;http://link.springer.com/journal/12243
2007;5;Visual Analysis of Corporate Network Intelligence: Abstracting and Reasoning on Yesterdays for Acting Today;VizSec;http://www.vizsec.org/vizsec2007/
2008;5;Visual Analysis of Program Flow Data with Data Propagation;VizSec;http://www.vizsec.org/vizsec2008/
2008;5;BGPeep: An IP-Space Centered View for Internet Routing Data;VizSec;http://www.vizsec.org/vizsec2008/
2008;5;Visualizing Real-Time Network Resource Usage;VizSec;http://www.vizsec.org/vizsec2008/
2009;5;Visualization of node interaction dynamics in network traces ;AIMS;http://dl.acm.org/citation.cfm?id=1574663
2009;5;Security Visualization Tools and ipv6 Addresses ;VizSec;http://vizsec.org/vizsec2009/
2009;5;Security Visualization Tools and IPv6 Addresses;VizSec;http://vizsec.org/vizsec2009/
2006;4;Discovering an RC4 anomaly through visualization;VizSec;http://www.sigsac.org/ccs/CCS2006/
2006;4;USEable security: interface design strategies for improving security;VizSec;http://www.sigsac.org/ccs/CCS2006/
2007;4;Visually Understanding Jam Resistant Communication;VizSec;http://www.vizsec.org/vizsec2007/
2008;4;Using visualization techniques for SNMP traffic analyses;ISCC;http://ieeexplore.ieee.org/xpl/mostRecentIssue.jsp?punumber=4607772
2008;4;Using Time Series 3D AlertGraph and False Alert Classification to Analyse Snort Alerts;VizSec;http://www.vizsec.org/vizsec2008/
2009;4;NetViewer: A Visualization Tool for Network Security Events;NSWCTC;http://ieeexplore.ieee.org/xpl/mostRecentIssue.jsp?punumber=4908190
2005;3;IPMatrix: an effective visual- ization framework for cyber threat monitoring;IV;http://ieeexplore.ieee.org/xpl/mostRecentIssue.jsp?punumber=10086
2005;3;Visualising internet traffic data with three-dimensional spherical display;APVis;http://www.informatik.uni-trier.de/~ley/db/conf/apvis/apvis2005.html
2006;3;Interactive Network Management Visualization with SVG and AJAX;LISA;https://www.usenix.org/legacy/events/lisa06/index.html
2006;3;Tool update: high alarm count issues in IDS rainstorm;VizSec;http://www.sigsac.org/ccs/CCS2006/
2006;3;Visualization assisted detection of sybil attacks in wireless networks;VizSec;http://www.sigsac.org/ccs/CCS2006/
2008;3;Improving Security Visualization with Exposure Map Filtering;ACSAC;http://ieeexplore.ieee.org/xpl/mostRecentIssue.jsp?punumber=4721525
2008;3;A Task Centered Framework for Computer Security Data Visualization;VizSec;http://www.vizsec.org/vizsec2008/
2009;3;Study On Advanced Visualization Tools In Network Monitoring Platform;EMS;http://ieeexplore.ieee.org/xpl/mostRecentIssue.jsp?punumber=5358680
2009;3;Visualization of complex attacks and state of attacked network;VizSec;http://vizsec.org/vizsec2009/
2009;3;Visualizing Keyboard Pattern Passwords;VizSec;http://vizsec.org/vizsec2009/
2009;3;Visualizing Firewall Configurations Using Created Voids;VizSec;http://vizsec.org/vizsec2009/
2009;3;SecVizer: A Security Visualization Tool for QualNetGenerated Traffic Traces ;THS;http://ieeexplore.ieee.org/xpl/mostRecentIssue.jsp?punumber=5159754
2001;2;Network Management Visualization with PingTV;LCN;http://ieeexplore.ieee.org/xpl/mostRecentIssue.jsp?punumber=7773
2001;2;PingTV: a case study in visual network monitoring;VIS;http://ieeevis.org/
2004;2;Researchers develop network-security visualization tools;COMPUTER;http://ieeexplore.ieee.org/xpl/RecentIssue.jsp?punumber=2
2005;2;An intelligent self-learning algorithm for IP network topology discovery;LANMAN;http://ieeexplore.ieee.org/xpl/mostRecentIssue.jsp?punumber=10349
2006;2;Grid Based Network Address Space Browsing for Network Tra_c Visualization;IAW;http://ieeexplore.ieee.org/xpl/mostRecentIssue.jsp?punumber=10992
2006;2;Tool update: NVisionIP improvements (difference view, sparklines, and shapes);VizSec;http://www.sigsac.org/ccs/CCS2006/
2007;2;A novel visualization approach for efficient network-wide traffic monitoring ;E2EMON;http://ieeexplore.ieee.org/xpl/mostRecentIssue.jsp?punumber=4261330
2007;2;Integrated Environment Management for Information Operations Testbeds;VizSec;http://www.vizsec.org/vizsec2007/
2007;2;VisAlert: From Idea to Product;VizSec;http://www.vizsec.org/vizsec2007/
2007;2;Intelligent Classification and Visualization of Network Scans;VizSec;http://www.vizsec.org/vizsec2007/
2008;2;A Novel Visualization Approach for Efficient Network Scans Detection;SECTECH;http://ieeexplore.ieee.org/xpl/mostRecentIssue.jsp?punumber=4725323
2008;2;An investigation of visualization techniques forSNMP traffic traces;NOMS;http://ieeexplore.ieee.org/xpl/mostRecentIssue.jsp?punumber=4567164
2008;2;Wireless Cyber Assets Discovery Visualization;VizSec;http://www.vizsec.org/vizsec2008/
2008;2;Backhoe, a Packet Trace and Log Browser;VizSec;http://www.vizsec.org/vizsec2008/
2009;2;A Visual Analytic Framework for Exploring Relationships in Textual Contents of Digital Forensics Evidence;VizSec;http://vizsec.org/vizsec2009/
2005;1;SVision: A network host-centered anomaly visualization technique;ISC;http://www.informatik.uni-trier.de/~ley/db/conf/isw/isc2005.html
2007;1;Visualizing Network Status;ICMLC;http://ieeexplore.ieee.org/xpl/mostRecentIssue.jsp?punumber=4370103
2007;1;Adapting Personas for Use in Security Visualization Design;VizSec;http://www.vizsec.org/vizsec2007/
2007;1;Measuring the Complexity of Computer Security Visualization Designs;VizSec;http://www.vizsec.org/vizsec2007/
2008;1;Network Traffic Exploration Application: A Tool to Assess, Visualize, and Analyze Network Security Events;VizSec;http://www.vizsec.org/vizsec2008/
2008;1;RadialNet: An Interactive Network Topology Visualization Tool with Visual Auditing Support;CRITIS;http://link.springer.com/book/10.1007/978-3-642-03552-4/page/1
2009;1;Visualization of Network Security Traffic using Hexagonal Self-Organizing Maps;CAINE;http://www.informatik.uni-trier.de/~ley/db/conf/caine/caine2009.html
2009;1;RadialNet: An Interactive Network Topology Visualization Tool with Visual Auditing Support;CRITIS;http://link.springer.com/book/10.1007/978-3-642-03552-4/page/1
2007;0;Intelligent Classification and Visualization of Network Scans;VizSec;http://www.vizsec.org/vizsec2007/
2008;0;Show Me How You See: Lessons from Studying Computer Forensics Experts for Visualization;VizSec;http://www.vizsec.org/vizsec2008/
2008;0;Modeling of Network Situation Awareness;ICCCAS;http://ieeexplore.ieee.org/xpl/mostRecentIssue.jsp?punumber=4636103
2008;0;A Real-Time Interactive Visualization System for DNS Amplification Attack Challenges;ICIS;http://ieeexplore.ieee.org/xpl/mostRecentIssue.jsp?punumber=4529779
2009;0;Interactive Visualization of Network Anomalous Events;ICCS;http://www.iccs-meeting.org/iccs2009/
2011;79;Neural visualization of network traffic data for intrusion detection;Applied Soft Computing;http://www.sciencedirect.com/science/journal/15684946
2010;23;Eden: supporting home network management through interactive visual tools;UIST;http://www.acm.org/uist/uist2010/
2012;22;A Survey of Visualization Systems for Network Security;TVCG;http://ieeexplore.ieee.org/xpl/RecentIssue.jsp?punumber=2945
2010;15;Predictive Network Anomaly Detection and Visualization;TIFS;http://ieeexplore.ieee.org/xpl/RecentIssue.jsp?punumber=10206
2010;12;Visualizing Attack Graphs, Reachability, and Trust Relationships with NAVIGATOR;VizSec;http://www.vizsec.org/vizsec2010/
2010;10;Visualizing graph dynamics and similarity for enterprise network security and management;VizSec;http://www.vizsec.org/vizsec2010/
2010;9;Real-Time Visualization of Network Behaviors for Situational Awareness;VizSec;http://www.vizsec.org/vizsec2010/
2010;9;What Happened in my Network? Mining Network Events from Router Syslogs;IMC;http://conferences.sigcomm.org/imc/2010/
2010;8;A Visual Tool for Forensic Analysis of Mobile Phone Traf_c;MiFor;http://madm.dfki.de/mifor2010/MiFor2010.html
2010;7;Visual Analysis of Code Security;VizSec;http://www.vizsec.org/vizsec2010/
2010;7;Detection, Correlation, and Visualization of Attacks Against Critical Infrastructure Systems;PST;http://xplqa30.ieee.org/xpl/mostRecentIssue.jsp?punumber=5564352
2010;5;Visualizing graph dynamics and similarity for enterprise network security and management;VizSec;http://www.vizsec.org/vizsec2010/
2010;5;Managing networks through context: Graph visualization and exploration;ComNet;http://www.journals.elsevier.com/computer-networks/
2010;5;Applied parallel coordinates for logs and network traffic attack analysis;Journal of Computer Virology and Hacking Techniques;http://link.springer.com/journal/11416
2010;5;Nimble cybersecurity incident management through visualization and defensible recommendations;VizSec;http://www.vizsec.org/vizsec2010/
2011;5;Monitoring large IP spaces with ClockView;VizSec;http://www.vizsec2011.org/
2012;5;Visual Analysis of Complex Firewall Configurations;VizSec;http://www.vizsec.org/vizsec2012/
2010;4;A new concentric-circle visualization of multi-dimensional data and its application in network security;Journal of Visual Languages and Computing;http://www.journals.elsevier.com/journal-of-visual-languages-and-computing/
2010;4;Towards non-expert users monitoring networks and services through semantically enhanced visualizations;CNSM;http://ieeexplore.ieee.org/xpl/mostRecentIssue.jsp?punumber=5668576
2010;4;Ids Alert Visualization and Monitoring through Heuristic Host Selection ;ICCS;http://www.iccs-meeting.org/iccs2010/
2010;4;Proposing a Multi-touch Interface for Intrusion Detection Environments;VizSec;http://www.vizsec.org/vizsec2010/
2011;4;Malware images: visualization and automatic classification;VizSec;http://www.vizsec2011.org/
2011;4;TVi: a visual querying system for network monitoring and anomaly detection;VizSec;http://www.vizsec2011.org/
2011;4;Sybil attack detection through global topology pattern visualization;Information Visualization;http://ivi.sagepub.com/
2012;4;A survey of security visualization for computer network logs;Security and Communication Networks;http://onlinelibrary.wiley.com/journal/10.1002/(ISSN)1939-0122
2010;3;An ontology-driven approach to support wireless network monitoring for home area networks;CNSM;http://ieeexplore.ieee.org/xpl/mostRecentIssue.jsp?punumber=6093621
2010;3;EMBER: A Global Perspective on Extreme Malicious Behavior;VizSec;http://www.vizsec.org/vizsec2010/
2010;3;From a Mess to Graphic Maps: Visualization of Large-Scale Heterogeneous Networks;ICCMS;http://ieeexplore.ieee.org/xpl/mostRecentIssue.jsp?punumber=5420948
2010;3;Visualisation and Verification of Communication Protocols for Networked Distributed Systems;Enterprise Networks and Logistics for Agile Manufacturing;http://link.springer.com/chapter/10.1007%2F978-1-84996-244-5_16
2011;3;Visual Clustering of Spam Emails for DDoS Analysis;IV;http://ieeexplore.ieee.org/xpl/mostRecentIssue.jsp?punumber=6003377
2011;3;Supporting the Cyber Analytic Process Using Visual History on Large Displays;VizSec;http://www.vizsec2011.org/
2011;3;Visualizing Network Activity using Parallel Coordinates;HICSS;http://ieeexplore.ieee.org/xpl/mostRecentIssue.jsp?punumber=5716643
2011;3;BURN: Baring Unknown Rogue Networks;VizSec;http://www.vizsec2011.org/
2012;3;Visual Spam Campaigns Analysis Using Abstract Graphs Representation;VizSec;http://www.vizsec.org/vizsec2012/
2010;2;Expert-Aware Approach: A New Approach to Improve Network Security Visualization Tool;CICSYN;http://ieeexplore.ieee.org/xpl/mostRecentIssue.jsp?punumber=5613973
2010;2;NetVis: A network security management visualization tool based on treemap;ICACC;http://ieeexplore.ieee.org/xpl/mostRecentIssue.jsp?punumber=5481671
2010;2;NevML: A Markup Language for Network Topology Visualization;ICFN;http://ieeexplore.ieee.org/xpl/mostRecentIssue.jsp?punumber=5431685
2010;2;PeekKernelFlows: Peeking into IP flows;VizSec;http://www.vizsec.org/vizsec2010/
2010;2;Visualizing host traffic through graphs;VizSec;http://www.vizsec.org/vizsec2010/
2010;2;Traffic Classification Using Visual Motifs: An Empirical Evaluation;VizSec;http://www.vizsec.org/vizsec2010/
2010;2;TelescopeVisualizer : A Real-time Internet Information Visualizer With a Flexible User Interface;AINTEC;http://www.interlab.ait.ac.th/aintec2010/
2010;2;Interactive Visual Analysis of Hierarchical Enterprise Data;CEC;http://ieeexplore.ieee.org/xpl/mostRecentIssue.jsp?punumber=5706807
2011;2;A Method of Network Topology Visualization Based on SNMP;IMCCC;http://ieeexplore.ieee.org/xpl/mostRecentIssue.jsp?punumber=6119177
2012;2;Contextualized Monitoring and Root Cause Discovery in IPTV Systems Using Data Visualization;MNET;http://ieeexplore.ieee.org/xpl/RecentIssue.jsp?punumber=65
2012;2;The Future of Security Visualization: Lessons from Network Visualization;MNET;http://ieeexplore.ieee.org/xpl/RecentIssue.jsp?punumber=65
2010;1;Alerts Analysis and Visualization in Network-based Intrusion Detection Systems;SOCIALCOM;http://www.ieee.org/conferences_events/conferences/conferencedetails/index.html?Conf_ID=17735
2010;1;Intelligent Expertise Classification Approach - An Innovative Artificial  Intelligence Approach To Accelerate Network Data Visualization;ICACTE;http://ieeexplore.ieee.org/xpl/mostRecentIssue.jsp?punumber=5564353
2010;1;Visualizing Your Key for Secure Phone Calls And Language Independence;VizSec;http://www.vizsec.org/vizsec2010/
2010;1;Interactive Detection of Network Anomalies via Coordinated Multiple Views;VizSec;http://www.vizsec.org/vizsec2010/
2011;1;A novel three-tiered visualization approach for firewall rule validation;Journal of Visual Languages and Computing;http://www.journals.elsevier.com/journal-of-visual-languages-and-computing/
2011;1;Data visualization technique framework for intrusion detection ;IJCSI;http://www.ijcsi.org/
2011;1;Atypical Behavior Identi_cation in Large-Scale Network Traf_c;LDAV;http://vis.cs.ucdavis.edu/LDAV/
2011;1;A web-based what-if scenario analysis tool for performance improvement of IT support organizations;CNSM;http://ieeexplore.ieee.org/xpl/mostRecentIssue.jsp?punumber=6093621
2012;1;Intelligent network management using graph differential anomaly visualization;NOMS;http://noms2012.ieee-noms.org/techcfp.html
2012;1;Automated Tracing and Visualization of Software Security Structure and Properties;VizSec;http://www.vizsec.org/vizsec2012/
2012;1;NV: Nessus Vulnerability Visualization for the Web;VizSec;http://www.vizsec.org/vizsec2012/
2012;1;Visual analytics for BGP monitoring and prefix hijacking identification;MNET;http://ieeexplore.ieee.org/xpl/RecentIssue.jsp?punumber=65
2012;1;A real-time visualization framework for IDS alerts;VINCI;http://www.cad.zju.edu.cn/home/chenwei/VINCI2012/
2012;1;Analysis of Rogue Anti-Virus Campaigns Using Hidden Structures in k-Partite Graphs;CANS;http://cans2012.cased.de/
2012;1;Hierarchical Visualization of BGP Routing Changes Using Entropy Measures;ISVC;http://www.isvc.net/12/
2012;1;The Research on Network Security Visualization Key Technology;MINES;http://www.ieee-mines.org/2012/index.htm
2012;1;LiveSec: Towards Effective Security Management in Large-scale Production Networks;ICDCSW;http://ieeexplore.ieee.org/xpl/mostRecentIssue.jsp?punumber=6257103
2012;1;3DSVAT: A 3D Stereoscopic Vulnerability Assessment Tool for Network Security;LCN;http://www.ieeelcn.org/prior/LCN37/
2013;1;Christopher Alexanders fifteen properties: Toward developing evaluation metrics for security visualizations;ISI;http://ieeexplore.ieee.org/xpl/mostRecentIssue.jsp?punumber=6571725
2010;0;Expert-Aware Approach Towards Network Security Visualization Tool Services;NETAPPS;http://ieeexplore.ieee.org/xpl/mostRecentIssue.jsp?punumber=5634611
2010;0;Using geographic information systems for enhanced network security visualization;COM.Geo;http://www.com-geo.org/conferences/2010/
2010;0;Interactive SNMP traffic analysis through information visualization;NOMS;http://ieeexplore.ieee.org/xpl/mostRecentIssue.jsp?punumber=5482535
2010;0;Network topology description and visualization;ICACTE;http://ieeexplore.ieee.org/xpl/mostRecentIssue.jsp?punumber=5564353
2010;0;An interactive visualization framework for next generation networks;CoNEXT;http://conferences.sigcomm.org/co-next/2010/
2010;0;Case Study - Visualization Methodology For Analysing Network Data;UKSim;http://ieeexplore.ieee.org/xpl/mostRecentIssue.jsp?punumber=5479086
2010;0;Correlation, Visualization, and Usability Analysis of Routing Policy Con_gurations;TNSM;http://ieeexplore.ieee.org/xpl/RecentIssue.jsp?punumber=4275028
2011;0;Cover-VT: Converged Security Visualization Tool;IM;http://ieeexplore.ieee.org/xpl/mostRecentIssue.jsp?punumber=5976317
2011;0;Control and visualization system for managed self-organization network;CNSM;http://cnsm.loria.fr/
2011;0;VisVerND- Visual Verification of Network Traffic Dataset;CNSR;http://ieeexplore.ieee.org/xpl/mostRecentIssue.jsp?punumber=5769515
2011;0;Peer-to-Peer File Sharing Communication Detection Using Spherical SOM Visualization for Network Management;HCII;http://www.hcii2011.org/
2011;0;Web-based automatic network discovery/map systems;ICCAIE;http://ieeexplore.ieee.org/xpl/mostRecentIssue.jsp?punumber=6153634
2011;0;MANET-Viewer II: A Visualization System for Visualizing Packet Flow in Mobile Ad-hoc Networks;WAINA;http://ieeexplore.ieee.org/xpl/mostRecentIssue.jsp?punumber=5762827
2011;0;A New Network Topology Visualization Algorithm ;IMCCC;http://ieeexplore.ieee.org/xpl/mostRecentIssue.jsp?punumber=6119177
2011;0;Web-based automatic network discovery/Map Systems;ICCAIE;http://ieeexplore.ieee.org/xpl/mostRecentIssue.jsp?punumber=6153634
2011;0;Visual Analysis of Goal-Directed Network Defense Decisions;VizSec;http://www.vizsec2011.org/
2011;0;Multiresolution Semantic Visualization of Network Traf_c;ICSC;http://www.ieee-icsc.org/ICSC2011/
2011;0;Acquisition and Visualization of Hosts Connected to the Network;SAINT;http://www.saintconference.org/2011/
2012;0;Design and Implementation of a Network Management System for Service Oriented Network;WTC;http://www.ieice.org/~wtc2012/
2012;0;Nviz - a general purpose visualization tool for Wireless Sensor Networks;ECTI-CON;http://ieeexplore.ieee.org/xpl/mostRecentIssue.jsp?punumber=6243514
2012;0;The study on network topology discovery algorithm based on SNMP protocol and ICMP protocol;ICSESS;http://ieeexplore.ieee.org/xpl/mostRecentIssue.jsp?punumber=6260028
2012;0;An Implementation of Visualization System for Visualizing Network Topology and Packet Flow in Mobile Ad Hoc Networks;NBIS;http://www.takilab.org/conf/nbis/2012/
2012;0;Practical Firewall Policy Inspection Using Anomaly Detection and Its Visualization;ICITCS;http://conf.kcis.kr/main/main.asp
2012;0;Network Topology Visualization and Monitoring for Multi-hop Wireless Networks;BROADNETS;http://broadnets.org/show/home
2012;0;Visualization Design for Immediate High-Level Situational assessment;VizSec;http://www.vizsec.org/vizsec2012/
2012;0;Visualization of Shared System Call Sequence Relationships in Large Malware Corpora;VizSec;http://www.vizsec.org/vizsec2012/
2012;0;MalwareVis: Entry-based Visualization of Malware Network Traces;VizSec;http://www.vizsec.org/vizsec2012/
2012;0;Visualizing Distributed Memory Computations with Hive Plots;VizSec;http://www.vizsec.org/vizsec2012/
2012;0;VisTracer: A Visual Analytics Tool to Investigate Routing Anomalies in Traceroutes;VizSec;http://www.vizsec.org/vizsec2012/
2012;0;A system to provide real-time collaborative situational awareness by Web enabling a distributed sensor network;SWE;http://acmgis2012.cs.umd.edu/
2012;0;Pathsift: A Library for Separating the Effects of Topology, Policy, and Protocols on IP Routing;SIMUTOOLS;http://simutools.org/2012/
2012;0;Visualizing Semantics in Passwords: The Role of Dates;VizSec;http://www.vizsec.org/vizsec2012/
2013;0;Static Validation of Network Device Con_gurations in Virtualized Multi-tenant Datacenters;IM;http://www.im2013.org/
2013;0;Visualization of abnormal behavior detection using parallel coordinate and correspondence analysis;--;--
2013;0;Network Data Visualization Using Parallel Coordinates Version of Time-tunnel with 2Dto2D Visualization for Intrusion Detection;WAINA;http://ieeexplore.ieee.org/xpl/mostRecentIssue.jsp?punumber=6532127
2013;0;An Integrated Environment for Visualization of Distributed Wireless Sensor Networks;ICCA;http://ieeexplore.ieee.org/xpl/mostRecentIssue.jsp?punumber=6550152
2013;0;Visualizing Geolocation of Spam Email;ComComAp;http://ieeexplore.ieee.org/xpl/mostRecentIssue.jsp?punumber=6523354
2013;0;SRNET: A Real-time, Cross-based Anomaly Detection and Visualization System for Wireless Sensor Networks;VizSec;http://vizsec.org/
2013;0;Visualizing big network traffic data using frequent pattern mining and hypergraphs;Computing;http://link.springer.com/journal/607
2013;0;Flexible Web Visualization for Alert-Based Network Security Analytics;VizSec;http://vizsec.org/
2013;0;A survey on security visualization techniques for web information systems ;International Journal of Web Information Systems;http://www.emeraldinsight.com/products/journals/journals.htm?id=ijwis
2013;0;Towards Visualizing Mobile Network Data;ISCIS;http://san.ee.ic.ac.uk/iscis2013/
2013;0;Visualization Framework for Inter-Domain Access Control Policy Integration;CC;http://ieeexplore.ieee.org/xpl/RecentIssue.jsp?punumber=6245522
2013;0;IDSRadar: a real-time visualization framework for IDS alerts;Science China Information Sciences;http://link.springer.com/journal/11432
2013;0;Real-time Network Security Situation Visualization and Threat Assessment Based on Semi-Markov Process ;ICMV;http://www.conferencealerts.com/show-event?id=103602
2013;0;Visualization Technology for flow-based nwtworks and communication services;FUJITSU SCI TECH J;http://www.researchgate.net/journal/0016-2523_Fujitsu_scientific_technical_journal
2013;0;Risk Visualization and Alerting System: Architecture and Proof-of-Concept Implementation;SESP;http://doe.cs.northwestern.edu/SESP/
2013;0;An Online Visualization System for Streaming Log Data of Computing Clusters;TST;http://ieeexplore.ieee.org/xpl/RecentIssue.jsp?punumber=5971803
2013;0;Visualization of web form submissions for security analysis;International Journal of Web Information Systems;http://www.emeraldinsight.com/products/journals/journals.htm?id=ijwis
2013;0;Traffic Flow Optimization and Visualization in MPLS Networks;WCE;http://www.iaeng.org/WCE2013/
2013;0;Visualization and Clustering for SNMP Intrusion Detection;Cybernetics and Systems;http://www.tandfonline.com/toc/ucbs20/current#.UlcD6mSc5bU
2013;0;Visualizing PHPIDS Log Files for Better Understanding of Web Server Attacks;VizSec;http://vizsec.org/
2013;0;ELVIS: Extensible Log VISualization;VizSec;http://vizsec.org/
2013;0;Change-Link 2.0: A Digital Forensic Tool for Visualizing Changes to Shadow Volume Data;VizSec;http://vizsec.org/
2013;0;CyberSAVe-Situational Awareness Visualization for Cyber Security of Smart Grid Systems;VizSec;http://vizsec.org/
2013;0;NAVSEC : A Recommender System for 3D Network Security Visualizations;VizSec;http://vizsec.org/
2013;0;BGPfuse: Using visual feature fusion for the detection and attribution of BGP anomalies;VizSec;http://vizsec.org/
2013;0;Finding Anomalies in Time-Series using Visual Correlation for Interactive Root Cause Analysis;VizSec;http://vizsec.org/
2013;0;P3D: A Parallel 3D Coordinate Visualization for Advanced Network Scans;ICC;http://www.ieee-icc.org/2013/
